Weather_Challenge,City,Country,Date,Lat,Lng,Max Temp,Humidity,Cloudiness,Wind Speed,Current Description,Rain inches (last 3 hrs),Snow inches (last 3 hrs)
0,Kiunga,PG,2019-11-10 00:39:21,-6.12,141.3,80.8,77,99,0.63,overcast clouds,0.0,0.0
1,Mayo,CA,2019-11-10 00:39:22,63.59,-135.9,-7.61,83,5,2.24,clear sky,0.0,0.0
2,Jamestown,AU,2019-11-10 00:39:22,-33.21,138.6,65.59,31,0,3.96,clear sky,0.0,0.0
3,Rikitea,PF,2019-11-10 00:39:22,-23.12,-134.97,72.54,80,100,10.49,light rain,0.94,0.0
4,Zhezkazgan,KZ,2019-11-10 00:39:22,47.8,67.71,41.77,78,95,16.11,overcast clouds,0.0,0.0
5,New Norfolk,AU,2019-11-10 00:39:23,-42.78,147.06,63.0,55,20,19.46,few clouds,0.0,0.0
6,Port Lincoln,AU,2019-11-10 00:39:23,-34.72,135.86,61.72,53,0,5.77,clear sky,0.0,0.0
7,Igrim,RU,2019-11-10 00:39:23,63.19,64.42,5.56,95,23,2.75,few clouds,0.0,0.0
8,Yagodnoye,RU,2019-11-10 00:39:23,62.52,149.63,1.17,95,100,5.1,light snow,0.0,0.0
9,Avarua,CK,2019-11-10 00:35:03,-21.21,-159.78,78.8,74,35,10.29,light rain,1.87,0.0
10,Bredasdorp,ZA,2019-11-10 00:39:24,-34.53,20.04,64.0,82,100,12.75,overcast clouds,0.0,0.0
11,Kapaa,US,2019-11-10 00:39:24,22.08,-159.32,80.6,69,40,8.05,scattered clouds,0.0,0.0
12,Kilindoni,TZ,2019-11-10 00:39:24,-7.91,39.67,81.32,80,99,15.01,light rain,2.56,0.0
13,Ushuaia,AR,2019-11-10 00:35:35,-54.81,-68.31,44.6,52,40,6.93,scattered clouds,0.0,0.0
14,Bilibino,RU,2019-11-10 00:39:25,68.06,166.44,2.55,59,6,2.93,clear sky,0.0,0.0
15,Ellisras,ZA,2019-11-10 00:39:25,-23.67,27.74,68.83,73,81,15.55,light rain,0.19,0.0
16,Agdas,AZ,2019-11-10 00:39:25,40.65,47.48,35.6,74,10,3.6,mist,0.0,0.0
17,Vaini,IN,2019-11-10 00:39:26,15.34,74.49,64.4,100,75,2.8,fog,0.0,0.0
18,Punta Arenas,CL,2019-11-10 00:39:26,-53.16,-70.91,46.4,65,0,6.93,clear sky,0.0,0.0
19,Clyde River,CA,2019-11-10 00:39:26,70.47,-68.59,17.6,85,90,26.4,light snow,0.0,0.0
20,Kiama,AU,2019-11-10 00:39:26,-34.67,150.86,73.0,34,90,9.17,overcast clouds,0.0,0.0
21,Bluff,AU,2019-11-10 00:39:27,-23.58,149.07,78.62,12,4,6.73,clear sky,0.0,0.0
22,Gornyak,KZ,2019-11-10 00:39:27,51.0,81.46,27.5,97,100,10.45,snow,0.0,0.0
23,Yellowknife,CA,2019-11-10 00:35:22,62.45,-114.38,-0.41,64,75,9.17,broken clouds,0.0,0.0
24,Souillac,FR,2019-11-10 00:39:27,45.6,-0.6,42.8,93,38,5.82,light rain,1.19,0.0
25,Alta Floresta,BR,2019-11-10 00:39:28,-9.87,-56.08,71.29,98,94,5.1,light rain,2.94,0.0
26,Arraial Do Cabo,BR,2019-11-10 00:39:28,-22.97,-42.02,74.3,91,100,12.06,overcast clouds,0.0,0.0
27,Sur,OM,2019-11-10 00:39:28,22.57,59.53,70.41,59,65,3.13,broken clouds,0.0,0.0
28,Nanortalik,GL,2019-11-10 00:39:28,60.14,-45.24,36.55,77,100,57.69,snow,0.0,0.0
29,Albany,US,2019-11-10 00:39:14,42.65,-73.75,35.6,34,20,12.75,few clouds,0.0,0.0
30,Traverse City,US,2019-11-10 00:34:55,44.76,-85.62,39.2,74,90,6.93,overcast clouds,0.0,0.0
31,Butaritari,KI,2019-11-10 00:39:29,3.07,172.79,83.82,65,49,1.3,scattered clouds,0.0,0.0
32,Ushibuka,JP,2019-11-10 00:39:29,32.19,130.02,63.41,58,17,9.66,few clouds,0.0,0.0
33,La Asuncion,AR,2019-11-10 00:39:30,-26.05,-65.39,60.22,97,94,3.44,light rain,1.25,0.0
34,Ambanja,MG,2019-11-10 00:39:30,-13.68,48.45,75.15,83,80,3.11,broken clouds,0.0,0.0
35,Lebu,ET,2019-11-10 00:39:30,8.96,38.73,57.2,62,20,2.24,few clouds,0.0,0.0
36,Kodiak,US,2019-11-10 00:39:30,39.95,-94.76,55.99,47,1,8.05,clear sky,0.0,0.0
37,Airai,TL,2019-11-10 00:39:31,-8.93,125.41,81.34,31,34,6.93,scattered clouds,0.0,0.0
38,Kunda,EE,2019-11-10 00:39:31,59.5,26.52,42.62,96,100,7.16,overcast clouds,0.0,0.0
39,Xining,CN,2019-11-10 00:39:31,36.62,101.77,27.79,28,0,4.56,clear sky,0.0,0.0
40,Aklavik,CA,2019-11-10 00:39:31,68.22,-135.01,6.8,65,20,9.17,few clouds,0.0,0.0
41,Narsaq,GL,2019-11-10 00:39:32,60.91,-46.05,48.2,23,100,41.38,light snow,0.0,0.0
42,Carnarvon,ZA,2019-11-10 00:39:32,-30.97,22.13,62.74,34,100,3.71,overcast clouds,0.0,0.0
43,Trairi,BR,2019-11-10 00:35:04,-3.28,-39.27,75.45,83,8,5.39,clear sky,0.0,0.0
44,Bambous Virieux,MU,2019-11-10 00:39:32,-20.34,57.76,70.0,88,20,4.7,few clouds,0.0,0.0
45,Busselton,AU,2019-11-10 00:39:33,-33.64,115.35,69.01,80,23,8.01,few clouds,0.0,0.0
46,Mishelevka,RU,2019-11-10 00:39:33,52.86,103.17,18.1,73,99,9.51,overcast clouds,0.0,0.0
47,Hermanus,ZA,2019-11-10 00:39:33,-34.42,19.24,64.0,84,82,11.99,broken clouds,0.0,0.0
48,Sala,SE,2019-11-10 00:39:33,59.92,16.61,36.0,83,99,13.87,overcast clouds,0.0,0.0
49,Gravdal,NO,2019-11-10 00:39:34,59.79,5.78,35.01,85,0,3.36,clear sky,0.0,0.0
50,Georgetown,GY,2019-11-10 00:39:34,6.8,-58.16,82.4,83,40,9.17,scattered clouds,0.0,0.0
51,Xuddur,SO,2019-11-10 00:39:34,4.12,43.89,71.98,93,100,11.07,moderate rain,5.63,0.0
52,Saskylakh,RU,2019-11-10 00:39:34,71.97,114.09,0.34,97,100,5.19,light snow,0.0,0.0
53,Constitucion,MX,2019-11-10 00:39:35,23.99,-104.67,75.2,31,90,5.46,overcast clouds,0.0,0.0
54,Tezu,IN,2019-11-10 00:39:35,27.93,96.16,65.98,71,100,1.63,overcast clouds,0.0,0.0
55,Namatanai,PG,2019-11-10 00:39:35,-3.66,152.44,80.76,75,100,2.44,light rain,2.56,0.0
56,High Prairie,CA,2019-11-10 00:39:35,55.43,-116.48,8.98,95,100,5.75,light snow,0.0,0.0
57,Mercedes,UY,2019-11-10 00:39:36,-33.25,-58.03,71.01,75,27,14.0,scattered clouds,0.0,0.0
58,Riviere-Au-Renard,CA,2019-11-10 00:39:36,49.0,-64.4,24.8,49,75,4.7,broken clouds,0.0,0.0
59,Thompson,CA,2019-11-10 00:35:46,55.74,-97.86,-0.41,84,40,2.24,scattered clouds,0.0,0.0
60,Chute-Aux-Outardes,CA,2019-11-10 00:39:37,49.12,-68.38,28.4,68,90,19.46,light snow,0.0,0.0
61,Hithadhoo,MV,2019-11-10 00:39:37,-0.6,73.08,80.96,78,57,8.5,light rain,2.56,0.0
62,Te Anau,NZ,2019-11-10 00:39:37,-45.41,167.72,45.88,86,97,2.91,light rain,1.06,0.0
63,Mataura,NZ,2019-11-10 00:39:37,-46.19,168.86,48.99,93,100,4.0,moderate rain,6.31,0.0
64,Siwana,IN,2019-11-10 00:39:38,25.65,72.42,70.45,40,0,6.64,clear sky,0.0,0.0
65,Culaman,PH,2019-11-10 00:39:38,5.96,125.66,84.2,70,40,2.24,scattered clouds,0.0,0.0
66,Gloggnitz,AT,2019-11-10 00:39:38,47.68,15.94,41.0,86,100,2.24,overcast clouds,0.0,0.0
67,Karaman,TR,2019-11-10 00:39:38,37.18,33.22,47.23,51,0,0.81,clear sky,0.0,0.0
68,Novo Aripuana,BR,2019-11-10 00:39:39,-5.12,-60.38,77.83,85,83,3.02,light rain,1.31,0.0
69,Cherskiy,RU,2019-11-10 00:39:39,68.75,161.3,-0.91,87,0,1.63,clear sky,0.0,0.0
70,Barrow,AR,2019-11-10 00:39:39,-38.31,-60.23,50.18,64,16,8.95,few clouds,0.0,0.0
71,Neyyattinkara,IN,2019-11-10 00:39:39,8.4,77.08,77.0,94,20,2.24,mist,0.0,0.0
72,Roebourne,AU,2019-11-10 00:39:40,-20.77,117.15,96.26,13,53,12.86,broken clouds,0.0,0.0
73,Tuktoyaktuk,CA,2019-11-10 00:39:40,69.44,-133.03,5.0,71,20,18.34,few clouds,0.0,0.0
74,Halden,SE,2019-11-10 00:39:40,59.12,11.39,33.01,80,100,9.17,overcast clouds,0.0,0.0
75,Trincomalee,LK,2019-11-10 00:39:41,8.58,81.23,72.25,97,72,2.84,broken clouds,0.0,0.0
76,Tasiilaq,GL,2019-11-10 00:39:41,65.61,-37.64,33.8,74,93,44.96,light rain,0.0,0.0
77,Gladstone,AU,2019-11-10 00:39:41,-23.84,151.26,86.0,7,0,8.05,clear sky,0.0,0.0
78,Livingston,US,2019-11-10 00:34:49,32.58,-88.19,50.0,93,1,1.43,clear sky,0.0,0.0
79,Alofi,NU,2019-11-10 00:39:42,-19.06,-169.92,82.4,65,3,16.11,light rain,0.13,0.0
80,Changping,CN,2019-11-10 00:39:42,40.22,116.23,52.0,70,40,11.18,light rain,0.0,0.0
81,Hobyo,SO,2019-11-10 00:39:42,5.35,48.53,78.04,80,0,10.89,clear sky,0.0,0.0
82,Port Alfred,ZA,2019-11-10 00:39:42,-33.59,26.89,64.99,88,96,8.99,overcast clouds,0.0,0.0
83,Isla Vista,US,2019-11-10 00:39:43,34.41,-119.86,72.0,52,1,6.93,clear sky,0.0,0.0
84,East London,ZA,2019-11-10 00:39:43,-33.02,27.91,65.01,83,100,13.65,light rain,0.31,0.0
85,Komsomolskiy,RU,2019-11-10 00:39:43,67.55,63.78,-5.18,100,39,2.93,scattered clouds,0.0,0.0
86,Tocopilla,CL,2019-11-10 00:39:44,-22.09,-70.2,54.52,37,32,2.75,scattered clouds,0.0,0.0
87,Sura,YE,2019-11-10 00:39:44,13.65,43.82,64.42,63,0,7.36,clear sky,0.0,0.0
88,Quievrain,BE,2019-11-10 00:39:44,50.41,3.68,39.2,93,3,5.82,clear sky,0.0,0.0
89,Sembakung,ID,2019-11-10 00:39:44,3.82,117.25,79.36,83,49,2.15,scattered clouds,0.0,0.0
90,Pingliang,CN,2019-11-10 00:39:45,35.54,106.68,34.66,54,0,7.05,clear sky,0.0,0.0
91,Muisne,EC,2019-11-10 00:39:45,0.61,-80.02,78.8,83,94,10.29,overcast clouds,0.0,0.0
92,Moussoro,TD,2019-11-10 00:39:45,13.64,16.49,84.67,10,39,8.37,scattered clouds,0.0,0.0
93,Beira,ES,2019-11-10 00:39:46,43.2,-8.36,57.0,62,40,11.41,scattered clouds,0.0,0.0
94,Atuona,PF,2019-11-10 00:39:46,-9.8,-139.03,80.04,76,3,12.1,clear sky,0.0,0.0
95,Tugulym,RU,2019-11-10 00:39:46,57.06,64.64,12.2,78,20,11.18,few clouds,0.0,0.0
96,Cape Town,ZA,2019-11-10 00:36:45,-33.93,18.42,64.99,72,0,5.82,clear sky,0.0,0.0
97,Jurm,AF,2019-11-10 00:39:46,36.86,70.83,30.29,30,0,6.71,clear sky,0.0,0.0
98,Hay River,CA,2019-11-10 00:39:47,60.82,-115.79,-2.21,70,40,8.05,scattered clouds,0.0,0.0
99,Coquimbo,CL,2019-11-10 00:39:47,-29.95,-71.34,57.2,82,58,8.05,broken clouds,0.0,0.0
100,Qaanaaq,GL,2019-11-10 00:39:47,77.48,-69.36,-5.27,42,0,5.1,clear sky,0.0,0.0
101,Monte Alegre De Sergipe,BR,2019-11-10 00:39:47,-10.03,-37.56,73.02,80,76,12.28,broken clouds,0.0,0.0
102,Cartagena,ES,2019-11-10 00:39:48,37.63,-1.0,55.99,87,100,4.7,light rain,0.56,0.0
103,Flinders,AU,2019-11-10 00:39:48,-34.58,150.85,73.99,34,90,9.17,overcast clouds,0.0,0.0
104,Washougal,US,2019-11-10 00:39:49,45.58,-122.35,53.6,87,90,2.06,light rain,0.0,0.0
105,Bonfim,GY,2019-11-10 00:39:49,3.36,-59.84,86.88,50,69,7.81,broken clouds,0.0,0.0
106,Mar Del Plata,AR,2019-11-10 00:39:49,-46.43,-67.52,48.6,61,32,15.01,scattered clouds,0.0,0.0
107,Puerto Ayora,EC,2019-11-10 00:39:49,-0.74,-90.35,75.2,64,75,14.99,broken clouds,0.0,0.0
108,Ileza,RU,2019-11-10 00:39:50,61.05,43.9,30.11,91,100,8.97,light snow,0.0,0.0
109,Salym,RU,2019-11-10 00:39:50,60.06,71.48,7.65,91,100,4.03,overcast clouds,0.0,0.0
110,Hokitika,NZ,2019-11-10 00:39:50,-42.72,170.96,56.79,96,100,13.65,moderate rain,5.44,0.0
111,Moravska Trebova,CZ,2019-11-10 00:39:50,49.76,16.66,41.0,93,100,1.12,overcast clouds,0.0,0.0
112,Dikson,RU,2019-11-10 00:39:51,73.51,80.55,10.47,94,100,14.72,light snow,0.0,0.0
113,Asyut,EG,2019-11-10 00:39:51,27.18,31.19,62.6,77,0,10.29,clear sky,0.0,0.0
114,Sitka,US,2019-11-10 00:39:51,37.17,-99.65,57.0,28,0,1.99,clear sky,0.0,0.0
115,Salalah,OM,2019-11-10 00:39:51,17.01,54.1,78.8,74,40,2.24,scattered clouds,0.0,0.0
116,Mkushi,ZM,2019-11-10 00:39:52,-13.61,29.4,70.79,53,87,10.78,overcast clouds,0.0,0.0
117,Sorong,ID,2019-11-10 00:39:52,-0.86,131.25,82.4,76,78,2.68,broken clouds,0.0,0.0
118,Nykoping,SE,2019-11-10 00:39:52,58.75,17.01,37.4,93,75,6.93,broken clouds,0.0,0.0
119,Hualmay,PE,2019-11-10 00:39:52,-11.1,-77.61,63.72,80,82,4.29,broken clouds,0.0,0.0
120,Port Elizabeth,US,2019-11-10 00:39:52,39.31,-74.98,37.4,63,1,3.31,clear sky,0.0,0.0
121,Severo-Kurilsk,RU,2019-11-10 00:39:53,50.68,156.12,31.71,88,85,27.07,light snow,0.0,0.0
122,Midleton,IE,2019-11-10 00:39:53,51.91,-8.17,42.8,81,20,13.87,few clouds,0.0,0.0
123,Kaitangata,NZ,2019-11-10 00:39:53,-46.28,169.85,51.01,88,100,11.01,moderate rain,6.56,0.0
124,Richards Bay,ZA,2019-11-10 00:39:53,-28.77,32.06,69.33,76,100,12.28,light rain,0.56,0.0
125,Aksarka,RU,2019-11-10 00:39:54,66.56,67.8,-4.74,99,87,1.14,overcast clouds,0.0,0.0
126,Camacha,PT,2019-11-10 00:39:54,33.08,-16.33,66.2,68,40,13.87,scattered clouds,0.0,0.0
127,Aswan,EG,2019-11-10 00:39:54,24.09,32.9,73.4,35,0,3.36,clear sky,0.0,0.0
128,Kungur,RU,2019-11-10 00:39:55,57.43,56.94,20.48,74,61,1.23,broken clouds,0.0,0.0
129,Mahebourg,MU,2019-11-10 00:39:55,-20.41,57.7,70.0,88,20,4.7,few clouds,0.0,0.0
130,Mount Isa,AU,2019-11-10 00:39:55,-20.73,139.49,82.4,11,46,13.87,scattered clouds,0.0,0.0
131,Castro,CL,2019-11-10 00:39:55,-42.48,-73.76,51.8,93,100,5.82,light rain,0.0,0.0
132,Paris,FR,2019-11-10 00:38:08,48.86,2.35,44.01,100,75,2.24,light rain,0.0,0.0
133,Hambantota,LK,2019-11-10 00:39:56,6.12,81.12,80.15,81,100,7.72,light rain,1.19,0.0
134,Tubuala,PA,2019-11-10 00:39:56,9.52,-79.03,77.0,94,75,3.36,broken clouds,0.0,0.0
135,Paveh,IR,2019-11-10 00:39:56,35.05,46.36,33.8,74,0,5.59,clear sky,0.0,0.0
136,Kenai,US,2019-11-10 00:39:56,60.55,-151.26,41.0,48,1,8.05,clear sky,0.0,0.0
137,Changqing,CN,2019-11-10 00:39:57,31.81,117.24,60.8,51,48,13.42,scattered clouds,0.0,0.0
138,Cabo San Lucas,MX,2019-11-10 00:39:51,22.89,-109.91,86.0,62,96,3.04,overcast clouds,0.0,0.0
139,Bathsheba,BB,2019-11-10 00:39:57,13.22,-59.52,80.6,83,75,21.92,broken clouds,0.0,0.0
140,Guerrero Negro,MX,2019-11-10 00:39:58,27.97,-114.04,74.71,51,100,12.1,overcast clouds,0.0,0.0
141,New Glasgow,CA,2019-11-10 00:39:58,45.59,-62.65,34.0,79,0,18.01,clear sky,0.0,0.0
142,Jacareacanga,BR,2019-11-10 00:39:58,-6.22,-57.76,73.53,96,100,2.73,light rain,0.63,0.0
143,Marawi,PH,2019-11-10 00:39:58,8.0,124.29,82.99,76,0,5.01,clear sky,0.0,0.0
144,Hobart,AU,2019-11-10 00:36:31,-42.88,147.33,63.0,62,20,19.46,few clouds,0.0,0.0
145,Kinablangan,PH,2019-11-10 00:39:59,7.69,126.55,81.16,64,42,0.6,scattered clouds,0.0,0.0
146,Makakilo City,US,2019-11-10 00:40:00,21.35,-158.09,84.2,51,1,6.93,clear sky,0.0,0.0
147,Khatanga,RU,2019-11-10 00:40:00,71.98,102.47,-1.31,95,100,16.8,light snow,0.0,0.0
148,Yuncheng,CN,2019-11-10 00:40:01,35.03,111.0,49.86,53,0,12.8,clear sky,0.0,0.0
149,Uttaradit,TH,2019-11-10 00:40:01,17.63,100.1,71.6,88,20,3.36,mist,0.0,0.0
150,Ouesso,CG,2019-11-10 00:40:01,1.61,16.05,72.0,91,100,1.21,light rain,0.81,0.0
151,Fuling,CN,2019-11-10 00:40:02,29.71,107.39,52.16,93,100,0.85,overcast clouds,0.0,0.0
152,Ginir,ET,2019-11-10 00:40:02,7.14,40.71,56.41,89,69,4.36,broken clouds,0.0,0.0
153,Pilar,AR,2019-11-10 00:40:02,-34.46,-58.91,68.0,72,40,17.22,scattered clouds,0.0,0.0
154,Yichang,CN,2019-11-10 00:40:03,30.77,111.32,55.15,73,82,2.82,broken clouds,0.0,0.0
155,Matola,MZ,2019-11-10 00:40:03,-25.97,32.47,71.01,77,20,3.36,few clouds,0.0,0.0
156,Saint-Philippe,CA,2019-11-10 00:40:03,45.36,-73.48,36.0,59,90,12.75,overcast clouds,0.0,0.0
157,Marsa Matruh,EG,2019-11-10 00:40:04,31.35,27.25,75.11,64,50,9.69,scattered clouds,0.0,0.0
158,Sola,TZ,2019-11-10 00:40:04,-3.17,33.8,69.42,69,50,5.37,scattered clouds,0.0,0.0
159,Faanui,PF,2019-11-10 00:40:04,-16.48,-151.75,80.92,80,84,14.05,light rain,1.06,0.0
160,Rossland,CA,2019-11-10 00:40:05,49.08,-117.8,45.0,72,95,1.99,overcast clouds,0.0,0.0
161,Hilo,US,2019-11-10 00:39:50,19.71,-155.08,87.8,58,1,11.41,clear sky,0.0,0.0
162,Canoinhas,BR,2019-11-10 00:40:05,-26.18,-50.4,65.84,98,71,5.06,light rain,1.19,0.0
163,Anloga,GH,2019-11-10 00:40:06,5.79,0.9,80.6,88,20,5.82,few clouds,0.0,0.0
164,Port-Gentil,GA,2019-11-10 00:40:06,-0.72,8.78,81.19,80,100,8.72,overcast clouds,0.0,0.0
165,Iqaluit,CA,2019-11-10 00:40:06,63.75,-68.52,5.0,84,40,13.87,scattered clouds,0.0,0.0
166,Khasan,RU,2019-11-10 00:40:07,42.43,130.64,37.62,69,85,1.9,overcast clouds,0.0,0.0
167,Chuy,UY,2019-11-10 00:40:07,-33.69,-53.46,64.56,85,100,10.63,overcast clouds,0.0,0.0
168,Ixtapa,MX,2019-11-10 00:40:07,20.71,-105.21,86.0,79,40,5.82,scattered clouds,0.0,0.0
169,Vanimo,PG,2019-11-10 00:40:07,-2.67,141.3,81.73,76,100,8.1,light rain,0.94,0.0
170,Rio Gallegos,AR,2019-11-10 00:40:08,-51.62,-69.22,42.8,52,0,23.04,clear sky,0.0,0.0
171,Camalu,MX,2019-11-10 00:40:08,30.85,-116.07,77.41,29,73,4.7,broken clouds,0.0,0.0
172,Codrington,AU,2019-11-10 00:40:08,-28.95,153.24,75.2,19,90,6.93,overcast clouds,0.0,0.0
173,Altamira,BR,2019-11-10 00:40:09,-3.2,-52.21,78.58,82,74,4.23,broken clouds,0.0,0.0
174,Liverpool,GB,2019-11-10 00:40:09,53.41,-2.98,42.01,93,75,13.87,moderate rain,0.0,0.0
175,Quatre Cocos,MU,2019-11-10 00:40:09,-20.21,57.76,70.0,88,20,4.7,few clouds,0.0,0.0
176,Sistranda,NO,2019-11-10 00:40:09,63.73,8.83,24.01,85,20,6.93,few clouds,0.0,0.0
177,Ukiah,US,2019-11-10 00:40:10,39.15,-123.21,75.99,23,1,3.36,clear sky,0.0,0.0
178,Lompoc,US,2019-11-10 00:37:51,34.64,-120.46,72.0,77,1,12.75,clear sky,0.0,0.0
179,General Roca,AR,2019-11-10 00:40:10,-39.03,-67.58,69.8,40,24,10.51,few clouds,0.0,0.0
180,Kupang,ID,2019-11-10 00:40:10,-10.16,123.6,86.0,55,20,2.24,few clouds,0.0,0.0
181,Brainerd,US,2019-11-10 00:40:11,46.36,-94.2,32.0,86,1,6.93,clear sky,0.0,0.0
182,Carinhanha,BR,2019-11-10 00:40:11,-14.3,-43.77,80.49,31,0,5.61,clear sky,0.0,0.0
183,Norman Wells,CA,2019-11-10 00:36:28,65.28,-126.83,-0.41,84,20,2.24,few clouds,0.0,0.0
184,Provideniya,RU,2019-11-10 00:40:11,64.42,-173.23,34.2,99,100,2.06,light rain,1.0,0.0
185,Talnakh,RU,2019-11-10 00:40:12,69.49,88.39,-16.61,75,98,11.18,overcast clouds,0.0,0.0
186,Yerbogachen,RU,2019-11-10 00:40:12,61.28,108.01,-0.84,92,96,11.45,overcast clouds,0.0,0.0
187,Torbay,CA,2019-11-10 00:40:12,47.66,-52.73,35.01,63,20,19.46,few clouds,0.0,0.0
188,Kavieng,PG,2019-11-10 00:40:12,-2.57,150.8,77.52,90,100,5.73,moderate rain,6.0,0.0
189,Tres Palos,MX,2019-11-10 00:40:13,16.83,-99.78,84.2,83,5,6.93,clear sky,0.0,0.0
190,Nikolskoye,RU,2019-11-10 00:40:13,59.7,30.79,39.2,93,90,4.47,fog,0.0,0.0
191,Bar-Le-Duc,FR,2019-11-10 00:40:13,48.77,5.16,44.6,100,65,4.7,broken clouds,0.0,0.0
192,Port Macquarie,AU,2019-11-10 00:40:13,-31.43,152.91,75.99,23,0,12.75,clear sky,0.0,0.0
193,Sinnamary,GF,2019-11-10 00:40:14,5.38,-52.96,81.84,83,27,10.78,scattered clouds,0.0,0.0
194,Forio,IT,2019-11-10 00:40:14,40.73,13.86,57.99,100,75,3.36,broken clouds,0.0,0.0
195,Ponta Do Sol,BR,2019-11-10 00:40:14,-20.63,-46.0,69.53,89,90,5.32,light rain,2.63,0.0
196,Hasaki,JP,2019-11-10 00:40:15,35.73,140.83,59.0,67,20,6.93,few clouds,0.0,0.0
197,Hovd,NO,2019-11-10 00:40:15,63.83,10.7,24.01,85,0,8.05,clear sky,0.0,0.0
198,Nortelandia,BR,2019-11-10 00:40:15,-14.45,-56.8,74.97,85,40,1.7,light rain,0.75,0.0
199,Nioro,GM,2019-11-10 00:40:15,13.79,-15.05,83.98,20,11,9.19,few clouds,0.0,0.0
200,Muros,ES,2019-11-10 00:40:16,42.77,-9.06,57.0,93,40,6.49,scattered clouds,0.0,0.0
201,Hattiesburg,US,2019-11-10 00:40:16,31.33,-89.29,46.99,81,1,3.36,clear sky,0.0,0.0
202,Leshukonskoye,RU,2019-11-10 00:40:16,64.9,45.76,16.27,94,98,5.32,light snow,0.0,0.0
203,Najran,SA,2019-11-10 00:40:17,17.54,44.22,53.69,38,0,0.25,clear sky,0.0,0.0
204,Huarmey,PE,2019-11-10 00:40:17,-10.07,-78.15,63.61,79,83,2.37,broken clouds,0.0,0.0
205,Khandagayty,MN,2019-11-10 00:40:17,50.73,92.07,27.41,60,98,3.62,overcast clouds,0.0,0.0
206,Bubaque,GW,2019-11-10 00:40:17,11.28,-15.83,84.02,69,0,13.13,clear sky,0.0,0.0
207,Deori,IN,2019-11-10 00:40:18,23.12,78.69,65.8,69,0,2.42,clear sky,0.0,0.0
208,Lasa,CY,2019-11-10 00:40:18,34.92,32.53,66.2,52,0,8.05,clear sky,0.0,0.0
209,Praia Da Vitoria,PT,2019-11-10 00:40:18,38.73,-27.07,60.8,87,20,5.79,few clouds,0.0,0.0
210,Ribeira Grande,PT,2019-11-10 00:40:18,38.52,-28.7,61.92,77,2,6.49,clear sky,0.0,0.0
211,Touros,BR,2019-11-10 00:40:19,-5.2,-35.46,77.0,78,40,5.82,scattered clouds,0.0,0.0
212,Cayenne,GF,2019-11-10 00:40:19,4.94,-52.33,80.6,88,20,5.82,few clouds,0.0,0.0
213,Labuhan,ID,2019-11-10 00:40:19,-2.54,115.51,79.02,83,99,1.14,overcast clouds,0.0,0.0
214,Denpasar,ID,2019-11-10 00:40:19,-8.65,115.22,82.4,78,20,3.36,few clouds,0.0,0.0
215,Japura,ID,2019-11-10 00:40:20,-0.42,102.29,76.15,93,51,1.19,broken clouds,0.0,0.0
216,Peniche,PT,2019-11-10 00:40:20,39.36,-9.38,57.99,82,40,14.99,scattered clouds,0.0,0.0
217,Xai-Xai,MZ,2019-11-10 00:40:20,-25.04,33.64,69.66,81,98,3.96,overcast clouds,0.0,0.0
218,Kidal,ML,2019-11-10 00:40:21,18.44,1.41,78.39,17,61,17.36,broken clouds,0.0,0.0
219,Sao Joao Da Barra,BR,2019-11-10 00:40:21,-21.64,-41.05,75.69,89,84,5.99,light rain,0.75,0.0
220,Verkhnyaya Inta,RU,2019-11-10 00:40:21,65.99,60.32,1.99,95,91,4.81,overcast clouds,0.0,0.0
221,Moses Lake,US,2019-11-10 00:40:21,47.13,-119.28,46.4,81,75,2.48,mist,0.0,0.0
222,Luanda,AO,2019-11-10 00:40:22,-8.83,13.24,80.13,88,67,8.19,broken clouds,0.0,0.0
223,Sirvintos,LT,2019-11-10 00:40:22,55.05,24.95,52.0,93,90,8.05,mist,0.0,0.0
224,Kjollefjord,NO,2019-11-10 00:40:22,70.95,27.35,21.33,82,0,6.71,clear sky,0.0,0.0
225,Santa Isabel,MX,2019-11-10 00:40:22,32.63,-115.58,89.6,7,1,3.36,clear sky,0.0,0.0
226,Mastic Beach,US,2019-11-10 00:40:23,40.77,-72.85,43.0,79,75,9.64,broken clouds,0.0,0.0
227,Kuala Terengganu,MY,2019-11-10 00:40:23,5.33,103.14,77.0,94,75,1.12,broken clouds,0.0,0.0
228,Atar,MR,2019-11-10 00:40:23,20.52,-13.05,74.34,21,85,9.48,overcast clouds,0.0,0.0
229,Lavrentiya,RU,2019-11-10 00:40:23,65.58,-170.99,34.7,97,100,5.99,light rain,0.69,0.0
230,Teluknaga,ID,2019-11-10 00:40:24,-6.1,106.64,84.99,74,20,8.05,few clouds,0.0,0.0
231,Jalu,LY,2019-11-10 00:40:24,29.03,21.55,73.44,25,76,10.71,broken clouds,0.0,0.0
232,Goya,AR,2019-11-10 00:40:24,-29.14,-59.27,73.76,86,100,7.29,overcast clouds,0.0,0.0
233,Tautira,PF,2019-11-10 00:40:21,-17.73,-149.15,82.4,74,75,5.82,broken clouds,0.0,0.0
234,Kaniv,UA,2019-11-10 00:40:25,49.76,31.46,53.78,89,39,12.75,scattered clouds,0.0,0.0
235,Santiago Del Estero,AR,2019-11-10 00:40:25,-27.8,-64.26,72.09,82,53,3.36,broken clouds,0.0,0.0
236,Devonport,AU,2019-11-10 00:40:25,-41.18,146.36,63.0,52,89,8.01,overcast clouds,0.0,0.0
237,Narrabri,AU,2019-11-10 00:40:26,-30.33,149.78,70.0,28,0,4.0,clear sky,0.0,0.0
238,Ancud,CL,2019-11-10 00:40:05,-41.87,-73.83,51.8,93,100,5.82,light rain,0.0,0.0
239,Saint-Paul,FR,2019-11-10 00:40:26,45.22,1.9,43.0,93,100,4.7,moderate rain,0.0,0.0
240,Toora-Khem,RU,2019-11-10 00:40:26,52.47,96.11,10.8,80,44,1.34,scattered clouds,0.0,0.0
241,Zhigansk,RU,2019-11-10 00:40:27,66.77,123.37,5.67,92,100,16.06,light snow,0.0,0.0
242,Hofn,IS,2019-11-10 00:40:27,64.25,-15.21,45.7,76,100,27.58,light rain,0.75,0.0
243,Luderitz,NA,2019-11-10 00:40:27,-26.65,15.16,60.8,87,0,4.7,clear sky,0.0,0.0
244,Shenzhen,CN,2019-11-10 00:40:27,22.54,114.05,75.0,73,29,4.47,scattered clouds,0.0,0.0
245,Cahul,MD,2019-11-10 00:40:28,45.91,28.19,55.81,91,58,6.64,broken clouds,0.0,0.0
246,Freeport,BS,2019-11-10 00:40:28,26.54,-78.7,73.4,78,40,17.22,scattered clouds,0.0,0.0
247,Silute,LT,2019-11-10 00:40:28,55.35,21.48,48.79,87,100,11.72,light rain,0.12,0.0
248,Faya,SA,2019-11-10 00:40:29,18.39,42.45,53.6,81,0,2.1,clear sky,0.0,0.0
249,Barra Do Bugres,BR,2019-11-10 00:40:29,-15.07,-57.19,76.06,70,25,0.38,scattered clouds,0.0,0.0
250,Petropavlovsk-Kamchatskiy,RU,2019-11-10 00:40:30,53.05,158.65,37.4,69,75,4.47,broken clouds,0.0,0.0
251,Cururupu,BR,2019-11-10 00:40:30,-1.82,-44.87,73.99,93,100,2.28,overcast clouds,0.0,0.0
252,Ugoofaaru,MV,2019-11-10 00:38:14,5.67,73.0,81.79,71,0,3.87,clear sky,0.0,0.0
253,Kikwit,CD,2019-11-10 00:40:31,-5.04,18.82,70.86,93,71,0.76,light rain,0.38,0.0
254,Pochutla,MX,2019-11-10 00:40:31,15.74,-96.47,86.0,70,5,6.93,clear sky,0.0,0.0
255,Fairbanks,US,2019-11-10 00:40:31,64.84,-147.72,18.0,84,1,2.77,clear sky,0.0,0.0
256,Hamilton,CA,2019-11-10 00:40:32,43.26,-79.87,41.0,64,75,12.75,broken clouds,0.0,0.0
257,Victoria,BN,2019-11-10 00:40:32,5.28,115.24,78.8,83,75,3.36,broken clouds,0.0,0.0
258,Fortuna,US,2019-11-10 00:40:32,40.6,-124.16,57.99,93,40,6.93,scattered clouds,0.0,0.0
259,Ilulissat,GL,2019-11-10 00:40:33,69.22,-51.1,35.6,29,100,26.4,overcast clouds,0.0,0.0
260,Linhares,BR,2019-11-10 00:40:33,-19.38,-40.06,73.36,82,35,4.85,scattered clouds,0.0,0.0
261,Mochalishche,RU,2019-11-10 00:40:33,56.33,48.35,26.6,100,90,11.18,mist,0.0,0.0
262,De-Kastri,RU,2019-11-10 00:40:34,51.48,140.77,20.62,64,3,6.49,clear sky,0.0,0.0
263,Sao Filipe,CV,2019-11-10 00:40:34,14.9,-24.5,74.35,82,96,17.67,overcast clouds,0.0,0.0
264,Esperance,AU,2019-11-10 00:40:34,-33.86,121.89,74.98,38,94,20.38,overcast clouds,0.0,0.0
265,Chokurdakh,RU,2019-11-10 00:40:35,70.62,147.9,-4.83,95,97,6.38,overcast clouds,0.0,0.0
266,Plouzane,FR,2019-11-10 00:40:35,48.38,-4.62,50.0,76,30,14.99,light rain,0.87,0.0
267,Oro Valley,US,2019-11-10 00:40:35,32.39,-110.97,81.0,27,1,3.36,clear sky,0.0,0.0
268,Winnemucca,US,2019-11-10 00:40:35,40.97,-117.74,64.4,12,1,6.93,clear sky,0.0,0.0
269,San Andres,PH,2019-11-10 00:40:36,13.32,122.68,79.63,83,25,3.98,scattered clouds,0.0,0.0
270,Pangai,TO,2019-11-10 00:40:36,-19.8,-174.35,82.4,74,20,11.41,few clouds,0.0,0.0
271,Sarankhola,BD,2019-11-10 00:40:36,22.31,89.79,75.78,91,100,31.81,heavy intensity rain,15.56,0.0
272,Nha Trang,VN,2019-11-10 00:40:36,12.24,109.19,73.4,100,90,2.24,light rain,0.0,0.0
273,Moreira Sales,BR,2019-11-10 00:40:37,-24.05,-53.01,74.28,82,28,1.28,light rain,2.0,0.0
274,Nizhniy Tsasuchey,RU,2019-11-10 00:40:37,50.52,115.13,32.68,77,99,15.14,overcast clouds,0.0,0.0
275,Nishihara,JP,2019-11-10 00:40:27,35.74,139.53,63.0,58,20,12.75,few clouds,0.0,0.0
276,Saint-Pierre,FR,2019-11-10 00:40:37,48.95,4.24,39.99,93,67,12.75,broken clouds,0.0,0.0
277,Keti Bandar,PK,2019-11-10 00:40:38,24.14,67.45,71.19,35,0,11.99,clear sky,0.0,0.0
278,Sangar,RU,2019-11-10 00:40:38,63.92,127.47,-4.37,77,100,10.2,overcast clouds,0.0,0.0
279,Bethel,US,2019-11-10 00:40:38,60.79,-161.76,30.2,92,40,13.87,scattered clouds,0.0,0.0
280,Pavino,RU,2019-11-10 00:40:39,55.02,82.61,3.2,84,75,4.47,broken clouds,0.0,0.0
281,Isoka,ZM,2019-11-10 00:40:39,-10.15,32.64,64.8,74,38,4.16,scattered clouds,0.0,0.0
282,Tiksi,RU,2019-11-10 00:40:39,71.64,128.87,-13.73,97,97,5.12,overcast clouds,0.0,0.0
283,Buraydah,SA,2019-11-10 00:40:40,26.33,43.97,71.6,73,75,14.99,broken clouds,0.0,0.0
284,Plettenberg Bay,ZA,2019-11-10 00:40:40,-34.05,23.37,61.38,81,91,9.53,overcast clouds,0.0,0.0
285,Irbeyskoye,RU,2019-11-10 00:40:40,55.64,95.45,15.93,61,100,10.33,overcast clouds,0.0,0.0
286,Namtsy,RU,2019-11-10 00:40:41,62.72,129.66,-16.61,82,99,6.71,overcast clouds,0.0,0.0
287,Ust-Maya,RU,2019-11-10 00:40:41,60.42,134.54,-20.57,97,0,1.68,clear sky,0.0,0.0
288,Adrar,DZ,2019-11-10 00:40:41,27.87,-0.29,53.6,34,0,11.41,clear sky,0.0,0.0
289,Lagdo,CM,2019-11-10 00:40:42,9.06,13.67,79.59,47,73,2.26,broken clouds,0.0,0.0
290,Acapulco,MX,2019-11-10 00:37:55,16.86,-99.88,84.2,83,5,6.93,clear sky,0.0,0.0
291,Kingsport,US,2019-11-10 00:40:42,36.55,-82.56,42.01,69,1,8.05,clear sky,0.0,0.0
292,Itoman,JP,2019-11-10 00:40:43,26.12,127.67,73.4,49,75,6.93,broken clouds,0.0,0.0
293,Naze,NG,2019-11-10 00:40:43,5.43,7.07,75.2,94,75,2.95,broken clouds,0.0,0.0
294,Manoel Urbano,BR,2019-11-10 00:40:43,-8.84,-69.26,80.92,63,100,2.57,overcast clouds,0.0,0.0
295,Klaksvik,FO,2019-11-10 00:40:43,62.23,-6.59,35.6,60,100,4.7,overcast clouds,0.0,0.0
296,Martapura,ID,2019-11-10 00:40:44,-3.41,114.85,75.2,94,84,4.7,mist,0.0,0.0
297,Abong Mbang,CM,2019-11-10 00:40:44,3.98,13.18,69.93,89,92,0.43,overcast clouds,0.0,0.0
298,Thomasville,US,2019-11-10 00:40:44,35.88,-80.08,39.2,64,1,2.82,clear sky,0.0,0.0
299,Bundaberg,AU,2019-11-10 00:40:45,-24.87,152.35,82.99,9,0,9.17,clear sky,0.0,0.0
300,Tuatapere,NZ,2019-11-10 00:40:20,-46.13,167.69,50.0,94,100,4.0,light rain,0.94,0.0
301,Chulman,RU,2019-11-10 00:40:45,56.84,124.9,5.23,95,100,1.99,light snow,0.0,0.0
302,Sydney,AU,2019-11-10 00:40:39,-33.85,151.22,75.99,33,4,10.29,clear sky,0.0,0.0
303,Chattanooga,US,2019-11-10 00:35:54,35.05,-85.31,48.0,86,1,3.2,clear sky,0.0,0.0
304,Sioux Lookout,CA,2019-11-10 00:40:46,50.1,-91.92,23.0,73,75,8.05,light shower snow,0.0,0.0
305,Havre-Saint-Pierre,CA,2019-11-10 00:40:21,50.23,-63.6,23.0,73,90,12.75,light snow,0.0,0.0
306,Natchez,US,2019-11-10 00:40:47,31.56,-91.4,50.0,61,1,2.3,clear sky,0.0,0.0
307,Kryvyy Rih,UA,2019-11-10 00:40:47,47.92,33.35,50.0,93,75,13.42,mist,0.0,0.0
308,Along,IN,2019-11-10 00:40:47,28.17,94.8,60.3,85,98,3.65,overcast clouds,0.0,0.0
309,Halifax,CA,2019-11-10 00:39:13,44.65,-63.58,28.99,79,5,5.82,clear sky,0.0,0.0
310,Mehamn,NO,2019-11-10 00:40:48,71.03,27.85,17.46,89,15,7.45,few clouds,0.0,0.0
311,Brunswick,DE,2019-11-10 00:40:48,52.26,10.53,37.99,100,31,1.12,scattered clouds,0.0,0.0
312,Los Llanos De Aridane,ES,2019-11-10 00:40:48,28.66,-17.92,69.8,73,75,14.99,broken clouds,0.0,0.0
313,Ierapetra,GR,2019-11-10 00:40:49,35.01,25.74,71.01,93,20,5.82,few clouds,0.0,0.0
314,Weinan,CN,2019-11-10 00:40:49,34.5,109.46,48.0,93,0,6.71,clear sky,0.0,0.0
315,Upernavik,GL,2019-11-10 00:40:49,72.79,-56.15,13.12,76,29,9.62,scattered clouds,0.0,0.0
316,Bandarbeyla,SO,2019-11-10 00:40:50,9.49,50.81,79.02,73,0,14.85,clear sky,0.0,0.0
317,Cidreira,BR,2019-11-10 00:40:30,-30.17,-50.22,71.02,87,100,22.44,overcast clouds,0.0,0.0
318,Pineville,US,2019-11-10 00:40:50,31.32,-92.43,50.0,66,1,0.65,clear sky,0.0,0.0
319,Luangwa,MZ,2019-11-10 00:40:51,-15.62,30.4,82.49,52,66,13.4,broken clouds,0.0,0.0
320,Yumen,CN,2019-11-10 00:40:51,40.29,97.04,30.15,38,0,10.65,clear sky,0.0,0.0
321,Almeirim,BR,2019-11-10 00:40:51,-1.53,-52.58,77.86,84,96,3.53,light rain,0.75,0.0
322,Longyearbyen,NO,2019-11-10 00:40:51,78.22,15.63,24.8,79,40,12.75,scattered clouds,0.0,0.0
323,Pasco,US,2019-11-10 00:36:35,46.24,-119.1,54.0,61,40,3.04,scattered clouds,0.0,0.0
324,Gao,ML,2019-11-10 00:40:52,16.28,-0.04,84.74,15,2,7.14,clear sky,0.0,0.0
325,Mankapur,IN,2019-11-10 00:40:52,28.32,79.86,64.42,67,0,4.45,clear sky,0.0,0.0
326,Todos Santos,MX,2019-11-10 00:40:53,23.45,-110.23,86.0,75,100,3.0,overcast clouds,0.0,0.0
327,Kungurtug,RU,2019-11-10 00:40:53,50.6,97.53,17.29,81,99,1.28,overcast clouds,0.0,0.0
328,Wembley,CA,2019-11-10 00:40:53,55.15,-119.14,6.8,84,90,8.05,light snow,0.0,0.0
329,Mahon,IE,2019-11-10 00:40:53,51.89,-8.4,42.8,81,20,13.87,few clouds,0.0,0.0
330,Talcahuano,CL,2019-11-10 00:40:53,-36.72,-73.12,64.4,59,100,12.75,overcast clouds,0.0,0.0
331,Solnechnyy,RU,2019-11-10 00:40:36,50.72,136.64,15.53,59,0,2.82,clear sky,0.0,0.0
332,Millinocket,US,2019-11-10 00:40:54,45.66,-68.71,30.0,58,1,5.82,clear sky,0.0,0.0
333,Alyangula,AU,2019-11-10 00:40:55,-13.85,136.42,90.57,30,86,12.33,overcast clouds,0.0,0.0
334,Husavik,CA,2019-11-10 00:40:51,50.56,-96.99,21.99,91,100,18.99,light snow,0.0,0.0
335,Padalarang,ID,2019-11-10 00:40:55,-6.85,107.48,74.16,59,8,1.97,clear sky,0.0,0.0
336,Saldus,LV,2019-11-10 00:40:56,56.67,22.49,48.25,93,100,8.25,light rain,0.25,0.0
337,Ust-Tsilma,RU,2019-11-10 00:40:56,65.44,52.15,5.31,94,23,3.78,few clouds,0.0,0.0
338,Glendive,US,2019-11-10 00:39:09,47.11,-104.71,35.6,80,90,17.22,overcast clouds,0.0,0.0
339,Cowra,AU,2019-11-10 00:40:57,-33.84,148.69,57.0,60,4,4.0,clear sky,0.0,0.0
340,Fort Frances,CA,2019-11-10 00:40:57,48.61,-93.4,28.0,79,90,6.93,overcast clouds,0.0,0.0
341,Amposta,ES,2019-11-10 00:40:57,40.71,0.58,57.2,54,100,12.75,overcast clouds,0.0,0.0
342,Pisco,PE,2019-11-10 00:40:58,-13.71,-76.2,66.2,77,40,14.99,scattered clouds,0.0,0.0
343,Nanakuli,US,2019-11-10 00:40:58,21.39,-158.15,84.2,74,75,13.87,broken clouds,0.0,0.0
344,Freetown,BS,2019-11-10 00:40:58,26.61,-78.36,73.4,78,40,17.22,scattered clouds,0.0,0.0
345,Evensk,RU,2019-11-10 00:40:58,61.92,159.24,23.52,84,100,33.38,light snow,0.0,0.0
346,Beloha,MG,2019-11-10 00:40:59,-25.17,45.06,70.32,83,81,9.33,broken clouds,0.0,0.0
347,Nizhnevartovsk,RU,2019-11-10 00:40:59,60.93,76.58,1.4,84,100,4.47,overcast clouds,0.0,0.0
348,Gurlan,UZ,2019-11-10 00:40:59,41.84,60.39,39.2,74,19,5.79,mist,0.0,0.0
349,Broome,GB,2019-11-10 00:40:59,52.47,1.45,46.0,86,18,3.36,few clouds,0.0,0.0
350,Margate,AU,2019-11-10 00:41:00,-43.03,147.26,63.0,61,20,19.46,few clouds,0.0,0.0
351,Hami,CN,2019-11-10 00:41:00,42.84,93.51,30.76,36,0,0.38,clear sky,0.0,0.0
352,Nam Dinh,VN,2019-11-10 00:41:01,20.42,106.17,66.94,73,4,3.69,clear sky,0.0,0.0
353,Arlit,NE,2019-11-10 00:41:01,18.74,7.39,83.16,11,20,7.7,few clouds,0.0,0.0
354,Portland,US,2019-11-10 00:41:01,43.66,-70.25,37.0,37,20,6.93,few clouds,0.0,0.0
355,San Quintin,PH,2019-11-10 00:41:02,17.54,120.52,76.93,83,77,3.76,broken clouds,0.0,0.0
356,Aue,DE,2019-11-10 00:41:02,50.59,12.7,36.0,95,18,2.24,few clouds,0.0,0.0
357,El Campo,US,2019-11-10 00:38:52,29.2,-96.27,62.01,76,1,3.6,clear sky,0.0,0.0
358,Campbell River,CA,2019-11-10 00:37:11,50.02,-125.24,50.0,100,90,2.24,mist,0.0,0.0
359,Port Hardy,CA,2019-11-10 00:41:03,50.7,-127.42,50.0,93,90,1.5,light intensity shower rain,0.0,0.0
360,Pevek,RU,2019-11-10 00:41:03,69.7,170.27,5.81,75,0,3.65,clear sky,0.0,0.0
361,Viedma,AR,2019-11-10 00:41:03,-40.81,-62.99,53.35,60,40,4.18,scattered clouds,0.0,0.0
362,Alice Town,BS,2019-11-10 00:41:04,25.72,-79.3,75.74,76,65,21.0,broken clouds,0.0,0.0
363,Pundaguitan,PH,2019-11-10 00:41:04,6.37,126.17,82.02,76,52,6.6,broken clouds,0.0,0.0
364,Road Town,VG,2019-11-10 00:41:04,18.42,-64.62,82.4,78,20,8.05,few clouds,0.0,0.0
365,Tual,ID,2019-11-10 00:41:05,-5.67,132.75,82.24,75,100,3.49,overcast clouds,0.0,0.0
366,Basar,IN,2019-11-10 00:41:05,27.98,94.69,69.8,94,40,3.36,mist,0.0,0.0
367,Weligama,LK,2019-11-10 00:41:05,5.97,80.42,74.44,93,83,2.21,broken clouds,0.0,0.0
368,Kindia,GN,2019-11-10 00:41:05,10.05,-12.86,71.98,94,64,2.24,broken clouds,0.0,0.0
369,Baykit,RU,2019-11-10 00:41:06,61.68,96.39,-14.59,92,99,6.04,overcast clouds,0.0,0.0
370,Honningsvag,NO,2019-11-10 00:41:06,70.98,25.97,29.73,68,0,11.1,clear sky,0.0,0.0
371,Goderich,CA,2019-11-10 00:41:07,43.74,-81.71,39.0,79,97,11.01,overcast clouds,0.0,0.0
372,Turukhansk,RU,2019-11-10 00:41:07,65.8,87.96,-19.16,99,100,4.47,overcast clouds,0.0,0.0
373,Denizli,TR,2019-11-10 00:41:08,37.77,29.09,41.0,59,3,0.83,clear sky,0.0,0.0
374,Pimentel,BR,2019-11-10 00:40:59,-3.7,-45.5,79.2,74,60,4.99,broken clouds,0.0,0.0
375,Wanning,AT,2019-11-10 00:41:08,48.64,13.53,34.0,96,1,1.99,clear sky,0.0,0.0
376,Reconquista,AR,2019-11-10 00:41:08,-29.14,-59.64,73.76,86,100,7.29,overcast clouds,0.0,0.0
377,Awjilah,LY,2019-11-10 00:41:09,29.14,21.3,71.01,27,25,8.77,scattered clouds,0.0,0.0
378,Chara,GR,2019-11-10 00:41:09,39.42,22.43,51.8,100,48,4.7,scattered clouds,0.0,0.0
379,Maragogi,BR,2019-11-10 00:41:09,-9.01,-35.22,79.29,79,98,12.28,light rain,0.19,0.0
380,Talant,FR,2019-11-10 00:41:10,47.34,5.0,35.6,98,55,2.24,broken clouds,0.0,0.0
381,Vengerovo,RU,2019-11-10 00:41:10,55.68,76.74,14.59,60,0,7.38,clear sky,0.0,0.0
382,Shamary,RU,2019-11-10 00:41:10,57.34,58.22,18.28,82,41,3.02,scattered clouds,0.0,0.0
383,Leninsk,RU,2019-11-10 00:41:10,48.69,45.2,41.0,80,75,15.66,broken clouds,0.0,0.0
384,Gat,SN,2019-11-10 00:41:11,14.69,-16.54,73.4,78,39,14.99,scattered clouds,0.0,0.0
385,Kawalu,ID,2019-11-10 00:41:11,-7.38,108.21,73.47,75,24,1.95,few clouds,0.0,0.0
386,Hervey Bay,AU,2019-11-10 00:41:11,-25.3,152.85,82.99,9,0,9.17,clear sky,0.0,0.0
387,Abalak,NE,2019-11-10 00:41:12,15.46,6.28,82.15,14,5,9.35,clear sky,0.0,0.0
388,Orchard Homes,US,2019-11-10 00:41:12,46.86,-114.05,46.99,65,90,3.36,overcast clouds,0.0,0.0
389,Cam Ranh,VN,2019-11-10 00:41:13,11.92,109.15,73.4,100,90,2.24,light rain,0.0,0.0
390,Noumea,NC,2019-11-10 00:40:20,-22.28,166.46,80.6,57,90,12.75,overcast clouds,0.0,0.0
391,Sholokhovskiy,RU,2019-11-10 00:41:13,48.28,41.05,44.19,94,10,8.84,clear sky,0.0,0.0
392,Barra Do Garcas,BR,2019-11-10 00:36:54,-15.89,-52.26,73.85,85,72,2.46,light rain,2.69,0.0
393,Wanxian,CN,2019-11-10 00:41:14,30.8,108.39,55.04,86,40,0.6,scattered clouds,0.0,0.0
394,Shaoguan,CN,2019-11-10 00:41:14,24.81,113.59,59.5,66,8,1.97,clear sky,0.0,0.0
395,Kahului,US,2019-11-10 00:41:14,20.89,-156.47,87.8,43,20,8.05,few clouds,0.0,0.0
396,Roseburg,US,2019-11-10 00:41:15,43.22,-123.34,53.01,76,90,3.36,overcast clouds,0.0,0.0
397,Berlevag,NO,2019-11-10 00:40:31,70.86,29.09,17.6,78,100,6.93,light snow,0.0,0.0
398,Magistralnyy,RU,2019-11-10 00:41:15,56.17,107.45,10.9,83,14,5.59,few clouds,0.0,0.0
399,Colares,PT,2019-11-10 00:41:15,38.8,-9.45,59.0,82,20,5.82,few clouds,0.0,0.0
400,Khorramshahr,IR,2019-11-10 00:41:16,30.43,48.18,64.4,68,0,2.24,clear sky,0.0,0.0
401,Taltal,CL,2019-11-10 00:41:16,-25.41,-70.49,55.0,88,64,2.98,broken clouds,0.0,0.0
402,Bustamante,MX,2019-11-10 00:41:16,26.53,-100.51,62.15,69,93,4.7,overcast clouds,0.0,0.0
403,Srednekolymsk,RU,2019-11-10 00:41:16,67.46,153.71,2.57,95,100,10.56,overcast clouds,0.0,0.0
404,Heyang,CN,2019-11-10 00:41:17,26.1,107.47,53.37,82,100,3.13,overcast clouds,0.0,0.0
405,Ayorou,NE,2019-11-10 00:41:08,14.73,0.92,84.9,16,31,5.55,scattered clouds,0.0,0.0
406,Meulaboh,ID,2019-11-10 00:41:17,4.14,96.13,81.0,77,78,6.24,light rain,0.25,0.0
407,Lere,TD,2019-11-10 00:41:17,9.66,14.23,80.04,41,68,2.73,broken clouds,0.0,0.0
408,Maua,KE,2019-11-10 00:41:18,0.23,37.94,71.56,79,54,0.54,light rain,0.38,0.0
409,Quito,EC,2019-11-10 00:41:18,-0.22,-78.51,55.4,93,90,8.05,light intensity drizzle,0.0,0.0
410,Otofuke,JP,2019-11-10 00:41:18,43.02,143.2,37.4,55,20,5.82,few clouds,0.0,0.0
411,Karasjok,NO,2019-11-10 00:41:18,69.47,25.52,1.4,77,0,3.36,clear sky,0.0,0.0
412,Kruisfontein,ZA,2019-11-10 00:41:18,-34.0,24.73,60.71,82,94,13.35,overcast clouds,0.0,0.0
413,Zhangye,CN,2019-11-10 00:41:19,38.94,100.46,34.14,29,0,4.43,clear sky,0.0,0.0
414,Mugla,BG,2019-11-10 00:41:19,41.62,24.49,46.4,100,100,3.36,mist,0.0,0.0
415,Russell,US,2019-11-10 00:41:19,38.9,-98.86,66.2,29,1,11.41,clear sky,0.0,0.0
416,Vestmanna,FO,2019-11-10 00:41:20,62.16,-7.17,35.6,72,99,4.7,overcast clouds,0.0,0.0
417,Byron Bay,AU,2019-11-10 00:40:46,-28.65,153.62,79.0,19,90,6.93,overcast clouds,0.0,0.0
418,Muroto,JP,2019-11-10 00:41:20,33.37,134.14,60.8,51,20,6.93,few clouds,0.0,0.0
419,Morondava,MG,2019-11-10 00:41:20,-20.3,44.28,77.63,44,0,2.93,clear sky,0.0,0.0
420,Pizarro,CO,2019-11-10 00:41:21,4.95,-77.37,76.35,92,100,9.26,moderate rain,4.63,0.0
421,Kapit,MY,2019-11-10 00:41:21,2.02,112.94,75.99,87,88,1.7,overcast clouds,0.0,0.0
422,Geraldton,CA,2019-11-10 00:40:40,49.72,-86.95,17.6,92,90,3.36,light snow,0.0,0.0
423,Diffa,NE,2019-11-10 00:41:21,13.32,12.61,83.25,16,65,7.81,broken clouds,0.0,0.0
424,Coahuayana,MX,2019-11-10 00:41:22,18.62,-100.35,78.31,68,0,0.76,clear sky,0.0,0.0
425,San Patricio,PY,2019-11-10 00:41:22,-26.98,-56.83,75.15,91,100,3.91,light rain,1.75,0.0
426,Emerald,AU,2019-11-10 00:41:22,-23.53,148.16,80.01,10,30,8.99,scattered clouds,0.0,0.0
427,Polunochnoye,RU,2019-11-10 00:41:23,60.87,60.43,4.53,84,12,2.28,few clouds,0.0,0.0
428,Chekalin,RU,2019-11-10 00:41:23,54.1,36.24,41.0,100,94,8.95,overcast clouds,0.0,0.0
429,Bukama,CD,2019-11-10 00:41:23,-9.2,25.85,71.58,89,74,3.27,broken clouds,0.0,0.0
430,Mbandaka,CD,2019-11-10 00:41:23,0.05,18.26,72.27,90,0,2.48,clear sky,0.0,0.0
431,Wanaka,NZ,2019-11-10 00:41:24,-44.7,169.14,55.0,82,100,3.0,light rain,0.0,0.0
432,Lerwick,GB,2019-11-10 00:41:24,60.15,-1.15,42.8,60,43,18.34,scattered clouds,0.0,0.0
433,Lagoa,PT,2019-11-10 00:41:24,37.14,-8.45,59.0,77,70,6.93,broken clouds,0.0,0.0
434,Beringovskiy,RU,2019-11-10 00:40:37,63.05,179.32,27.82,96,100,14.83,overcast clouds,0.0,0.0
435,Half Moon Bay,US,2019-11-10 00:41:25,37.46,-122.43,73.0,71,20,18.34,few clouds,0.0,0.0
436,Itarema,BR,2019-11-10 00:41:25,-2.92,-39.92,78.82,76,62,12.37,broken clouds,0.0,0.0
437,Camaguey,CU,2019-11-10 00:41:25,21.38,-77.92,73.4,100,40,2.24,thunderstorm with rain,0.0,0.0
438,Tchibanga,GA,2019-11-10 00:41:26,-2.92,11.0,73.76,98,100,0.83,overcast clouds,0.0,0.0
439,Cochabamba,BO,2019-11-10 00:41:26,-17.39,-66.16,66.2,45,75,5.82,broken clouds,0.0,0.0
440,Ketchikan,US,2019-11-10 00:41:27,55.34,-131.65,51.8,93,90,23.04,light rain,0.0,0.0
441,Rio Claro,BR,2019-11-10 00:41:27,-22.41,-47.56,68.0,100,85,2.24,moderate rain,4.5,0.0
442,Luleburgaz,TR,2019-11-10 00:41:27,41.4,27.36,59.0,87,2,5.82,clear sky,0.0,0.0
443,Paita,PE,2019-11-10 00:41:27,-5.09,-81.11,66.36,80,20,12.08,few clouds,0.0,0.0
444,Saint Anthony,US,2019-11-10 00:41:28,43.97,-111.68,51.8,37,1,4.0,haze,0.0,0.0
445,Muravlenko,RU,2019-11-10 00:41:28,63.79,74.5,-0.39,97,95,5.35,light snow,0.0,0.0
446,Sibolga,ID,2019-11-10 00:41:28,1.74,98.78,73.36,92,100,1.59,overcast clouds,0.0,0.0
447,Yining,CN,2019-11-10 00:41:29,29.04,114.56,58.17,62,76,1.36,broken clouds,0.0,0.0
448,Ahipara,NZ,2019-11-10 00:41:29,-35.17,173.16,72.0,100,100,20.22,light rain,1.0,0.0
449,Wuzhou,CN,2019-11-10 00:41:29,23.48,111.3,62.06,62,0,2.15,clear sky,0.0,0.0
450,Teya,MX,2019-11-10 00:41:29,21.05,-89.07,82.0,74,75,4.7,broken clouds,0.0,0.0
451,Tirumullaivasal,IN,2019-11-10 00:41:29,11.24,79.84,81.79,78,5,10.0,light rain,1.56,0.0
452,Tiznit,MA,2019-11-10 00:41:30,29.7,-9.73,57.43,30,53,1.9,broken clouds,0.0,0.0
453,College,US,2019-11-10 00:41:30,64.86,-147.8,24.8,84,1,4.43,clear sky,0.0,0.0
454,Cuamba,MZ,2019-11-10 00:41:30,-14.8,36.54,74.19,65,100,5.64,overcast clouds,0.0,0.0
455,Buenos Aires,AR,2019-11-10 00:38:44,-34.61,-58.44,66.2,77,40,20.8,scattered clouds,0.0,0.0
456,Arcachon,FR,2019-11-10 00:38:34,44.65,-1.18,53.6,58,82,16.11,light rain,1.5,0.0
457,Hohhot,CN,2019-11-10 00:41:31,40.81,111.65,28.4,92,20,4.47,mist,0.0,0.0
458,Samarai,PG,2019-11-10 00:41:31,-10.62,150.67,83.37,69,100,4.88,overcast clouds,0.0,0.0
459,Maldonado,UY,2019-11-10 00:41:32,-34.91,-54.96,62.6,82,20,6.93,few clouds,0.0,0.0
460,Coos Bay,US,2019-11-10 00:41:32,43.37,-124.22,54.0,76,1,2.51,clear sky,0.0,0.0
461,Vao,EE,2019-11-10 00:41:32,59.1,26.19,42.58,98,100,6.96,overcast clouds,0.0,0.0
462,Grand-Lahou,CI,2019-11-10 00:41:32,5.24,-5.0,82.36,77,0,10.8,clear sky,0.0,0.0
463,Palmer,AU,2019-11-10 00:41:33,-34.85,139.16,64.99,55,20,6.93,few clouds,0.0,0.0
464,Oranjemund,ZA,2019-11-10 00:41:33,-28.55,16.43,58.55,93,31,3.71,scattered clouds,0.0,0.0
465,Ust-Ilimsk,RU,2019-11-10 00:41:33,57.96,102.73,4.98,88,100,10.16,light snow,0.0,0.0
466,Eyl,SO,2019-11-10 00:41:33,7.98,49.82,78.91,77,0,18.12,clear sky,0.0,0.0
467,Chanika,MW,2019-11-10 00:41:34,-12.93,34.19,71.38,70,88,1.36,overcast clouds,0.0,0.0
468,Birao,CF,2019-11-10 00:41:34,10.3,22.78,74.16,23,25,8.75,scattered clouds,0.0,0.0
469,Chemax,MX,2019-11-10 00:41:34,20.66,-87.94,73.9,97,31,4.27,light rain,2.19,0.0
470,Pacific Grove,US,2019-11-10 00:41:34,36.62,-121.92,73.4,77,40,4.7,scattered clouds,0.0,0.0
471,Lorengau,PG,2019-11-10 00:41:34,-2.02,147.27,82.58,78,100,18.9,moderate rain,6.75,0.0
472,Izumo,JP,2019-11-10 00:41:35,35.37,132.75,55.4,66,40,5.82,scattered clouds,0.0,0.0
473,Tosham,IN,2019-11-10 00:41:35,28.87,75.92,66.2,33,0,4.41,clear sky,0.0,0.0
474,Vila Velha,BR,2019-11-10 00:41:35,-3.71,-38.6,86.0,78,20,12.75,few clouds,0.0,0.0
475,Dongli,CN,2019-11-10 00:41:36,24.18,117.61,66.2,48,14,2.24,few clouds,0.0,0.0
476,Krasnovishersk,RU,2019-11-10 00:41:36,60.4,57.08,8.17,92,83,3.11,broken clouds,0.0,0.0
477,Port Victoria,AU,2019-11-10 00:41:36,-34.5,137.49,57.2,67,27,4.25,scattered clouds,0.0,0.0
478,Abu Kamal,SY,2019-11-10 00:41:36,34.45,40.92,63.36,30,83,3.65,broken clouds,0.0,0.0
479,Vardo,US,2019-11-10 00:41:37,39.62,-77.74,37.99,51,1,4.7,clear sky,0.0,0.0
480,Verkhnevilyuysk,RU,2019-11-10 00:41:37,63.45,120.31,15.8,96,100,1.16,light snow,0.0,0.0
481,Dunedin,NZ,2019-11-10 00:39:59,-45.87,170.5,51.01,93,100,11.01,moderate rain,5.06,0.0
482,Karaidel,RU,2019-11-10 00:41:37,55.83,56.91,22.78,78,30,0.6,scattered clouds,0.0,0.0
483,Port Hedland,AU,2019-11-10 00:40:20,-20.31,118.58,93.2,12,22,9.17,few clouds,0.0,0.0
484,La Primavera,AR,2019-11-10 00:41:38,-32.92,-68.67,80.6,39,0,3.36,clear sky,0.0,0.0
485,Necochea,AR,2019-11-10 00:39:47,-38.55,-58.74,46.99,80,3,3.0,clear sky,0.0,0.0
486,Roma,IT,2019-11-10 00:40:12,41.89,12.48,52.0,93,95,1.12,overcast clouds,0.0,0.0
487,Lahat,ID,2019-11-10 00:41:39,-3.78,103.55,73.2,67,19,2.84,few clouds,0.0,0.0
488,Kaeo,NZ,2019-11-10 00:41:39,-35.1,173.78,72.0,100,72,20.56,light rain,0.81,0.0
489,Zverinogolovskoye,RU,2019-11-10 00:41:40,54.46,64.85,19.94,60,3,1.83,clear sky,0.0,0.0
490,Chumikan,RU,2019-11-10 00:41:40,54.72,135.31,14.07,38,0,15.43,clear sky,0.0,0.0
491,Nalut,LY,2019-11-10 00:41:13,31.86,10.98,55.6,39,0,4.32,clear sky,0.0,0.0
492,Leningradskiy,RU,2019-11-10 00:40:27,69.38,178.42,19.09,60,0,7.31,clear sky,0.0,0.0
493,Grindavik,IS,2019-11-10 00:41:41,63.84,-22.43,41.0,86,75,8.05,broken clouds,0.0,0.0
494,Tigil,RU,2019-11-10 00:41:41,57.8,158.67,31.24,53,3,11.21,clear sky,0.0,0.0
495,Qianguo,CN,2019-11-10 00:41:41,45.12,124.86,43.57,81,100,12.17,overcast clouds,0.0,0.0
496,Cortez,US,2019-11-10 00:41:41,37.35,-108.58,55.4,20,1,3.8,clear sky,0.0,0.0
497,Juneau,US,2019-11-10 00:40:02,58.3,-134.42,35.6,62,75,26.4,broken clouds,0.0,0.0
498,Snezhnogorsk,RU,2019-11-10 00:41:42,69.19,33.23,-14.81,68,20,2.24,few clouds,0.0,0.0
499,Henties Bay,NA,2019-11-10 00:41:06,-22.12,14.28,57.99,91,0,4.0,clear sky,0.0,0.0
500,Selma,US,2019-11-10 00:41:43,32.41,-87.02,50.0,61,1,8.05,clear sky,0.0,0.0
501,Kermanshah,IR,2019-11-10 00:41:43,34.32,47.07,46.4,36,0,4.7,clear sky,0.0,0.0
502,Baiao,BR,2019-11-10 00:41:43,-2.79,-49.67,76.91,90,100,3.29,light rain,0.62,0.0
503,Albury,AU,2019-11-10 00:41:43,-36.08,146.92,62.6,55,90,13.87,overcast clouds,0.0,0.0
504,Concepcion Del Oro,MX,2019-11-10 00:40:40,24.63,-101.42,63.32,62,97,2.89,light rain,0.44,0.0
505,Rio Grande,BR,2019-11-10 00:41:44,-32.03,-52.1,71.01,90,58,3.0,light rain,0.13,0.0
506,Korocha,RU,2019-11-10 00:41:44,50.81,37.2,46.4,93,90,11.18,overcast clouds,0.0,0.0
507,Nuuk,GL,2019-11-10 00:41:24,64.17,-51.74,37.53,52,100,15.32,overcast clouds,0.0,0.0
508,Erzin,TR,2019-11-10 00:41:45,36.95,36.2,66.0,67,40,3.58,scattered clouds,0.0,0.0
509,Acajutla,SV,2019-11-10 00:39:47,13.59,-89.83,84.92,70,1,9.82,clear sky,0.0,0.0
510,Glens Falls,US,2019-11-10 00:39:24,43.31,-73.64,35.6,61,1,5.82,clear sky,0.0,0.0
511,Mananjary,MG,2019-11-10 00:41:46,-19.16,46.8,64.63,68,59,1.7,broken clouds,0.0,0.0
512,Motala,IN,2019-11-10 00:41:46,20.68,76.21,69.28,82,0,2.53,clear sky,0.0,0.0
513,Derzhavinsk,KZ,2019-11-10 00:41:46,51.1,66.31,19.08,86,81,15.84,broken clouds,0.0,0.0
514,Karratha,AU,2019-11-10 00:40:30,-20.74,116.85,82.9,51,60,9.35,broken clouds,0.0,0.0
515,Damietta,EG,2019-11-10 00:41:47,31.42,31.81,74.84,78,0,9.75,clear sky,0.0,0.0
516,Kamaishi,JP,2019-11-10 00:41:47,39.28,141.86,44.6,70,40,3.36,scattered clouds,0.0,0.0
517,Adre,TD,2019-11-10 00:41:47,13.47,22.2,73.26,19,99,15.01,overcast clouds,0.0,0.0
518,Magadi,IN,2019-11-10 00:41:48,12.96,77.22,75.2,94,40,2.24,mist,0.0,0.0
519,Sharlyk,RU,2019-11-10 00:41:48,52.93,54.74,29.84,85,98,4.72,overcast clouds,0.0,0.0
520,Saint-Francois,FR,2019-11-10 00:41:48,46.42,3.91,41.0,86,90,4.7,light rain,0.0,0.0
521,Jieshi,CN,2019-11-10 00:41:48,22.82,115.83,66.99,77,21,1.01,few clouds,0.0,0.0
522,Bloemfontein,ZA,2019-11-10 00:41:49,-29.12,26.22,64.4,68,52,10.29,broken clouds,0.0,0.0
523,Salamiyah,SY,2019-11-10 00:41:49,35.01,37.05,65.12,35,29,7.63,scattered clouds,0.0,0.0
524,Guaymas,MX,2019-11-10 00:41:49,27.92,-110.9,86.0,51,75,12.75,broken clouds,0.0,0.0
525,Kushiro,JP,2019-11-10 00:41:49,43.11,144.15,39.2,51,20,3.36,few clouds,0.0,0.0
526,Buchanan,LR,2019-11-10 00:41:50,5.88,-10.05,78.8,94,75,1.43,broken clouds,0.0,0.0
527,Wadena,CA,2019-11-10 00:41:50,51.95,-103.8,11.39,93,100,9.42,light snow,0.0,0.0
528,Bakhmach,UA,2019-11-10 00:41:50,51.18,32.81,50.45,93,64,12.17,broken clouds,0.0,0.0
529,Batemans Bay,AU,2019-11-10 00:41:51,-35.71,150.18,69.01,43,38,7.0,scattered clouds,0.0,0.0
530,Qianan,CN,2019-11-10 00:41:51,44.99,124.06,43.39,87,100,11.52,overcast clouds,0.0,0.0
531,Fatwa,IN,2019-11-10 00:41:51,25.52,85.32,68.0,100,20,4.09,mist,0.0,0.0
532,Boyolangu,ID,2019-11-10 00:41:51,-8.09,111.9,80.19,71,40,6.6,scattered clouds,0.0,0.0
533,Poum,MK,2019-11-10 00:41:52,41.28,20.71,47.1,97,69,3.76,moderate rain,7.63,0.0
534,Yar-Sale,RU,2019-11-10 00:41:52,66.83,70.83,-8.31,98,0,5.88,clear sky,0.0,0.0
535,Yaan,NG,2019-11-10 00:41:52,7.38,8.57,79.09,69,100,5.01,overcast clouds,0.0,0.0
536,Usinsk,RU,2019-11-10 00:41:53,66.0,57.56,-0.01,98,69,7.58,broken clouds,0.0,0.0
537,Trinidad,BO,2019-11-10 00:41:53,-14.83,-64.9,79.03,74,86,1.7,overcast clouds,0.0,0.0
538,Nantucket,US,2019-11-10 00:41:53,41.28,-70.1,39.0,64,20,5.82,few clouds,0.0,0.0
539,Paamiut,GL,2019-11-10 00:41:53,61.99,-49.67,38.37,65,100,20.51,light snow,0.0,0.0
540,Sulangan,PH,2019-11-10 00:41:57,11.14,123.72,82.33,70,0,7.72,clear sky,0.0,0.0
541,Vilhena,BR,2019-11-10 00:41:58,-12.74,-60.15,72.52,83,59,1.72,broken clouds,0.0,0.0
542,Michigan City,US,2019-11-10 00:41:58,41.71,-86.9,44.6,75,1,4.7,clear sky,0.0,0.0
543,Puerto Baquerizo Moreno,EC,2019-11-10 00:41:58,-0.9,-89.6,71.6,88,75,11.41,broken clouds,0.0,0.0
544,Quelimane,MZ,2019-11-10 00:41:59,-17.88,36.89,78.19,84,51,5.93,broken clouds,0.0,0.0
545,Baruun-Urt,MN,2019-11-10 00:41:59,46.68,113.28,32.31,62,63,11.05,broken clouds,0.0,0.0
546,Agadez,NE,2019-11-10 00:41:59,16.97,7.99,81.21,13,23,9.55,few clouds,0.0,0.0
547,Biak,ID,2019-11-10 00:41:59,-0.91,122.88,80.89,73,100,8.1,light rain,0.31,0.0
548,Namibe,AO,2019-11-10 00:42:00,-15.19,12.15,76.69,76,0,7.54,clear sky,0.0,0.0
549,Phan Thiet,VN,2019-11-10 00:42:00,10.93,108.1,72.14,89,100,4.05,overcast clouds,0.0,0.0
550,Neryungri,RU,2019-11-10 00:42:00,56.66,124.71,8.46,95,100,3.94,light snow,0.0,0.0
551,Mlonggo,ID,2019-11-10 00:42:01,-6.53,110.7,86.0,75,17,17.34,few clouds,0.0,0.0
552,Tiarei,PF,2019-11-10 00:42:01,-17.53,-149.33,82.4,74,75,5.82,broken clouds,0.0,0.0
553,Medea,DZ,2019-11-10 00:42:01,36.27,2.77,53.6,66,40,5.82,scattered clouds,0.0,0.0
554,Baoqing,CN,2019-11-10 00:42:02,46.32,132.2,32.31,41,0,2.75,clear sky,0.0,0.0
555,Tazovskiy,RU,2019-11-10 00:42:02,67.47,78.7,-8.7,97,37,8.95,scattered clouds,0.0,0.0
556,Miskolc,HU,2019-11-10 00:42:02,48.1,20.79,49.51,89,63,6.15,broken clouds,0.0,0.0
557,Antalaha,MG,2019-11-10 00:42:02,-14.9,50.28,78.04,75,38,7.2,scattered clouds,0.0,0.0
558,Iranshahr,IR,2019-11-10 00:42:03,27.21,60.69,62.6,36,21,6.93,few clouds,0.0,0.0
559,Kovdor,RU,2019-11-10 00:42:03,67.56,30.47,7.74,95,100,4.65,light snow,0.0,0.0
560,Lucapa,AO,2019-11-10 00:42:03,-8.42,20.74,67.6,97,100,2.17,moderate rain,3.19,0.0
561,Vrangel,RU,2019-11-10 00:42:04,42.73,133.08,44.82,74,47,10.36,scattered clouds,0.0,0.0
562,Inhambane,MZ,2019-11-10 00:40:48,-23.87,35.38,74.08,80,93,11.72,light rain,0.12,0.0
563,Lyndon,US,2019-11-10 00:42:04,38.61,-95.68,64.4,36,1,10.29,clear sky,0.0,0.0
564,Bambanglipuro,ID,2019-11-10 00:42:05,-7.95,110.28,79.72,73,31,3.36,scattered clouds,0.0,0.0
565,Tahe,CN,2019-11-10 00:42:05,52.34,124.71,13.68,92,100,2.53,overcast clouds,0.0,0.0
566,Nchelenge,ZM,2019-11-10 00:42:05,-9.35,28.74,77.36,70,72,4.14,light rain,0.19,0.0
567,Qaqortoq,GL,2019-11-10 00:42:05,60.72,-46.03,48.2,23,100,41.38,light snow,0.0,0.0
568,Yangcun,CN,2019-11-10 00:42:06,29.98,118.17,55.99,73,11,1.95,few clouds,0.0,0.0
569,Aasiaat,GL,2019-11-10 00:42:09,68.71,-52.87,31.98,44,96,19.82,overcast clouds,0.0,0.0
570,San Cristobal,HN,2019-11-10 00:42:10,14.68,-86.92,67.1,95,44,5.37,light rain,1.56,0.0
571,Esso,RU,2019-11-10 00:42:10,55.93,158.7,15.03,96,100,6.8,light snow,0.0,0.0
572,Damaturu,NG,2019-11-10 00:42:10,11.75,11.96,81.28,20,100,5.95,overcast clouds,0.0,0.0
573,Darhan,MN,2019-11-10 00:42:10,49.49,105.92,30.27,97,100,1.66,light snow,0.0,0.0
574,Gorontalo,ID,2019-11-10 00:42:11,0.54,123.06,78.57,81,100,3.24,light rain,0.75,0.0
